{"auc": 0.631816067709245, "feature_importances": {"hour_ist": 0.19354456663131714, "dow": 0.11566779762506485, "is_weekend": 0.0, "vehicle_footprint": 0.19898287951946259, "severity_score": 0.0933656319975853, "violation_count": 0.09386274963617325, "has_junction": 0.12428615987300873, "device_mode_enc": 0.11692532151937485, "repeat_plate": 0.06336488574743271}, "confusion_matrix": [[839, 9112], [588, 22492]]}